Sample,Run,Group,Replicate
B000250_ratio01_DIA,B000250_Ap_6883_EXT-765_DIA_Yeast_UPS2_ratio01_DIA,A,R1
B000254_ratio02_DIA,B000254_Ap_6883_EXT-765_DIA_Yeast_UPS2_ratio02_DIA,B,R1 
B000258_ratio04_DIA,B000258_Ap_6883_EXT-765_DIA_Yeast_UPS2_ratio04_DIA,C,R1  
B000262_ratio08_DIA,B000262_Ap_6883_EXT-765_DIA_Yeast_UPS2_ratio08_DIA,D,R1   
B000266_ratio10_DIA,B000266_Ap_6883_EXT-765_DIA_Yeast_UPS2_ratio10_DIA,E,R1  
B000274_ratio01_DIA_2,B000274_Ap_6883_EXT-765_DIA_Yeast_UPS2_ratio01_DIA_2,A,R2 
B000278_ratio02_DIA_2,B000278_Ap_6883_EXT-765_DIA_Yeast_UPS2_ratio02_DIA_2,B,R2
B000282_ratio04_DIA_2,B000282_Ap_6883_EXT-765_DIA_Yeast_UPS2_ratio04_DIA_2,C,R2
B000286_ratio08_DIA_2,B000286_Ap_6883_EXT-765_DIA_Yeast_UPS2_ratio08_DIA_2,D,R2
B000290_ratio10_DIA_2,B000290_Ap_6883_EXT-765_DIA_Yeast_UPS2_ratio10_DIA_2,E,R2
B000298_ratio01_DIA_3,B000298_Ap_6883_EXT-765_DIA_Yeast_UPS2_ratio01_DIA_3,A,R3
B000302_ratio02_DIA_3,B000302_Ap_6883_EXT-765_DIA_Yeast_UPS2_ratio02_DIA_3,B,R3 
B000306_ratio04_DIA_3,B000306_Ap_6883_EXT-765_DIA_Yeast_UPS2_ratio04_DIA_3,C,R3
B000310_ratio08_DIA_3,B000310_Ap_6883_EXT-765_DIA_Yeast_UPS2_ratio08_DIA_3,D,R3 
B000314_ratio10_DIA_3,B000314_Ap_6883_EXT-765_DIA_Yeast_UPS2_ratio10_DIA_3,E,R3
